cp,Neighbourhood,lat,lon
97000,jardines de san sebastian,20.9892,-89.7564
97000,privada del maestro,20.9823085,-89.6261558
97000,merida centro,20.9689265,-89.6459422
97000,los cocos,20.9485954,-89.6301336
97000,privada garcia gineres c - 29,20.989226,-89.638116
97003,los reyes,20.9786506,-89.5759904
97050,yucatan,20.9948352,-89.6288272
97050,alcal martin,20.9919415,-89.6220193
97059,seoorial,20.9904139,-89.621707
97060,carrillo ancona,20.9852859,-89.6433167
97068,itzaes,20.9786256,-89.64389
97069,inalmbrica,20.9824044,-89.6474503
97070,dolores patron,20.9895921,-89.62607
97070,el pedregal,20.995481,-89.6340484
97070,garcia gineres,20.9898794,-89.6352588
97080,la huerta,20.9831635,-89.6155528
97088,santa cecilia,20.981542,-89.6156704
97089,cupules,20.9964556,-89.6320227
97098,lourdes,20.960203,-89.6107438
97099,waspa,20.9695014,-89.6086842
97100,itzimna 2,20.9927519,-89.6141839
97100,itzimna,20.9927519,-89.6141839
97100,rinconada itzmina,20.992707,-89.6065912
97108,las arboledas,20.9813262,-89.6080925
97109,jes‰öÇs carranza,20.9861341,-89.6126059
97109,ferrocarrileros,20.9815065,-89.6108994
97113,xaman-tan,21.033779,-89.6048262
97113,san antonio,20.9886203,-89.6587058
97113,montebello,21.0300318,-89.5996046
97113,gran royal altabrisa,21.0233282,-89.5894533
97113,sol campestre,21.0233219,-89.6015522
97114,monte alban,21.0192501,-89.6033875
97114,privada monterreal plus,21.0207235,-89.5989094
97115,hacienda dzodzil,21.0432404,-89.6254982
97115,cordemex,21.0379837,-89.630754
97115,gonzalo guerrero,21.0271336,-89.6267148
97115,residencial san angelo,21.036842,-89.619822
97115,montes de ame,21.0324385,-89.6207949
97116,san antonio cucul,21.0220104,-89.608526
97117,san ramon norte,21.0242996,-89.6115271
97118,plan de ayala,21.0131989,-89.6243696
97118,villas del sol,21.0180371,-89.6250896
97119,villas la hacienda,21.0192109,-89.6162584
97119,benito jurez nte,21.0241178,-89.620046
97119,gonzalo guerrero,21.0271336,-89.6267148
97120,tecnolugico,21.0124756,-89.6243509
97120,campestre,21.0111387,-89.6227107
97120,del norte,21.0096703,-89.6230402
97121,centro sct yucatn,20.9949451,-89.5811087
97125,privada nuevo mexico,21.0000329,-89.6175892
97127,montejo,20.9948956,-89.6196143
97127,buenavista,20.9999081,-89.6252295
97128,privada mediterrneo,20.9598,-89.596
97128,residencial colonia mexico,21.0097619,-89.6067645
97128,privada real mexico,21.0097867,-89.6133306
97128,mexico norte,21.0120551,-89.6112578
97129,emiliano zapata nte,21.0136089,-89.6188697
97130,vista alegre,21.0097952,-89.5886879
97130,san remo,21.00982,-89.595254
97130,san carlos,21.0138467,-89.5868879
97130,privada vista alegre,20.9377,-89.5923
97130,montecarlo norte,21.0335853,-99.9635356
97130,diaz ordaz,21.0045434,-89.5974095
97130,montecarlo,21.0143546,-89.5883245
97130,privada maya,20.9377,-89.5923
97130,altabrisa,21.0201711,-89.5846059
97130,cumbres de altabrisa,21.0267371,-89.5881927
97130,missan ii,20.9377,-89.5923
97130,residencial palmerales de altabrisa,21.0283926,-89.5908351
97130,santa rita cholul,21.0326033,-89.5767446
97130,torremolinos,21.0272644,-89.5875902
97130,vista alegre norte,21.026111,-89.5773044
97133,montecristo,21.3439082,-88.2395881
97133,residencial camara de comercio norte,21.0163786,-89.5912973
97133,camara de comercio norte,21.0163786,-89.5912973
97133,los palmares de altabrisa,21.0167168,-89.5855743
97133,monterreal,21.0207285,-89.6010981
97133,montevideo,21.0138997,-89.5907786
97134,maya,21.0167166,-89.5801889
97134,privada villa cholul,21.0512702,-89.5386624
97134,jose maria iturralde,21.0233346,-89.572682
97134,paraiso maya,21.0213301,-89.5741195
97135,jardines de merida,21.0009562,-89.5947889
97136,felipe carrillo puerto nte,21.0096703,-89.6230402
97137,mexico oriente,21.000362,-89.6047939
97138,santa maria,21.0017163,-89.5705441
97138,san pedro cholul,21.0052808,-89.5755718
97138,los pinos,21.0028143,-89.5838664
97138,jardines del noreste,19.5776284,-87.3927422
97138,los alamos,19.5776284,-87.3927422
97138,la florida,19.5776284,-87.3927422
97138,residencial bancarios,19.5776284,-87.3927422
97138,pinos norte ii,19.5776284,-87.3927422
97138,el arco,21.0071508,-89.5878786
97138,jardines de vista alegre ii,21.0102067,-89.5826116
97138,jardines de vista alegre,21.0090863,-89.5837229
97138,jardines del norte,21.0154745,-89.5716997
97138,residencial del arco,21.0077222,-89.584153
97138,vista alegre lotificacion,20.9243,-89.585
97139,san antonio cinta,20.931,-89.5887
97139,mail express,20.931,-89.5887
97139,jardines del norte,20.931,-89.5887
97139,prado norte,20.931,-89.5887
97139,san antonio cinta ii,20.931,-89.5887
97139,san antonio cinta iii,20.931,-89.5887
97140,lopez mateos,20.984,-89.6395
97140,san miguel,20.8714,-89.5853
97140,san luis,20.984,-89.6395
97142,san vicente oriente,20.9758,-89.5345
97142,antonia jimenez trava,20.9758,-89.5345
97142,poligono ctm,20.9758,-89.5345
97142,antonia jimenez trava ii,20.9758,-89.5345
97142,unidad habitacional ctm,20.9758,-89.5345
97143,leandro valle,20.9758,-89.5345
97143,brisas del bosque,20.9758,-89.5345
97143,itzimna 108,20.9758,-89.5345
97143,poligono 108,20.9758,-89.5345
97143,vicente guerrero,20.9758,-89.5345
97143,confederaciun de trabajadores del estado de yucatn,20.9758,-89.5345
97143,la isla,20.984,-89.6395
97143,san vicente,20.9758,-89.5345
97143,boulevares de oriente,20.9758,-89.5345
97143,luis donaldo colosio,20.984,-89.6395
97143,bulevares de oriente,20.9758,-89.5345
97144,ampliaciun las brisas,20.9758,-89.5345
97144,emiliano zapata ote,20.9758,-89.5345
97144,las brisas del norte,20.9758,-89.5345
97144,las brisas,20.984,-89.6395
97145,petkanche,20.9833,-89.6
97145,noria ii,20.9833,-89.6
97145,las palmas,20.984,-89.6395
97145,nueva alemn etapa iii pet-kanche,20.9833,-89.6
97145,pet-kanche,20.9833,-89.6
97145,nueva alemn,20.9833,-89.6
97145,los alamos alemn,20.9833,-89.6
97145,san juan grande,20.9833,-89.6
97146,las flores,20.984,-89.6395
97146,nueva alemn,21.0728,-89.4183
97147,san nicols,20.984,-89.6395
97147,nuevo yucatn,20.9758,-89.5345
97147,san nicols del norte,20.9758,-89.5345
97148,miguel alemn,20.9758,-89.5345
97149,san esteban,20.984,-89.6395
97150,industrial,20.8725,-89.551
97150,trava quintero,20.8725,-89.551
97155,fenix,20.984,-89.6395
97155,villa fontana,20.885,-89.5045
97155,lourdes industrial,20.885,-89.5045
97156,los reyes,20.86,-89.5975
97157,nueva mayapan,20.8725,-89.551
97157,lzaro crdenas ote,20.8725,-89.551
97158,chuminopolis,20.8725,-89.551
97159,manuel avila camacho,20.8725,-89.551
97159,mayapan,20.984,-89.6395
97159,nueva pacabtun,20.8725,-89.551
97159,mximo ancona,20.8725,-89.551
97159,lotificacion las brisas,20.8725,-89.551
97160,pacabtun,20.9833,-89.5667
97160,privada del autotransporte ctm,20.9833,-89.5667
97160,manuel avila camacho,20.9833,-89.5667
97160,del parque,20.9833,-89.5667
97165,melchor ocampo,20.9833,-89.5667
97165,melchor ocampo ii,20.9833,-89.5667
97166,salvador alvarado oriente,20.9833,-89.5667
97166,fidel velzquez 2a etapa,20.9833,-89.5667
97166,fidel velzquez,20.9833,-89.5667
97167,bosques de oriente,20.9833,-89.5667
97167,emilio portes gil,20.9833,-89.5667
97167,privada emilio portes gil,20.9833,-89.5667
97168,madrid,20.9833,-89.5667
97168,del carmen,20.9833,-89.5667
97168,cortes sarmiento,20.9833,-89.5667
97168,jardines de miraflores,20.9833,-89.5667
97168,cerillera,20.9833,-89.5667
97169,wallis,20.9833,-89.5667
97169,esperanza,20.984,-89.6395
97170,nueva chichen-itza,20.95,-89.6167
97170,chichen-itza,20.984,-89.6395
97173,real san jose,20.95,-89.6167
97173,vergel i,20.95,-89.6167
97173,san jose vergel,20.95,-89.6167
97173,vergel ii,20.95,-89.6167
97173,misne iii,20.95,-89.6167
97173,vergel iii,20.95,-89.6167
97173,vergel iv,20.95,-89.6167
97174,azcorra ii,20.95,-89.6167
97174,villas la macarena,20.95,-89.6167
97174,morelos oriente,20.95,-89.6167
97175,amalia solorzano,20.95,-89.6167
97176,unidad habitacional ricardo flores magun,20.95,-89.6167
97176,vergel 65,20.95,-89.6167
97176,paseos del vergel,20.95,-89.6167
97176,misne ii,20.95,-89.6167
97176,san antonio kaua,20.95,-89.6167
97176,hacienda el vergel,20.95,-89.6167
97176,san pablo oriente,20.95,-89.6167
97176,aquaparque,20.95,-89.6167
97177,azcorra,20.95,-89.6167
97178,benito jurez ote,20.95,-89.6167
97179,miraflores,20.984,-89.6395
97179,privada miraflores,20.95,-89.6167
97180,vicente solis,20.9415,-89.6162
97189,san jose,20.8242,-89.6605
97189,canto,21.0589,-89.5719
97190,morelos issste fovissste,20.895,-89.605
97190,morelos,20.984,-89.6395
97195,san antonio kaua ii,20.895,-89.605
97195,jardines de san antonio kaua,20.895,-89.605
97195,miraflores ii,20.895,-89.605
97195,san antonio kaua i,20.895,-89.605
97195,san antonio kaua,20.895,-89.605
97195,nueva kukulkan,20.895,-89.605
97196,salvador alvarado sur ii,20.895,-89.605
97196,militar,20.895,-89.605
97196,ampliaciun salvador alvarado sur,20.895,-89.605
97196,salvador alvarado sur,20.895,-89.605
97196,san antonio del sur,20.895,-89.605
97197,granjas,20.895,-89.605
97198,ampliaciun granjas,20.895,-89.605
97198,reparto granjas,20.895,-89.605
97198,kukulcan,20.895,-89.605
97199,maria luisa,20.895,-89.605
97203,magnolias,20.984,-89.6395
97203,merida,20.9754,-89.617
97203,san pablo,20.984,-89.6395
97203,puesta del sol,20.9754,-89.617
97203,chuburna de hidalgo iv,20.9754,-89.617
97203,rincun colonial,20.9754,-89.617
97203,ampliaciun francisco de montejo,20.9754,-89.617
97203,tulias de chuburna,20.9754,-89.617
97203,arboledas chuburna,20.9754,-89.617
97203,arcos del sol,20.9754,-89.617
97203,aurea residencial,20.9754,-89.617
97203,camara de la construcciun,20.9754,-89.617
97203,francisco de montejo ii,20.9754,-89.617
97203,francisco de montejo iii,20.9754,-89.617
97203,francisco de montejo iv,20.9754,-89.617
97203,francisco de montejo v,20.9754,-89.617
97203,la castellana,20.9754,-89.617
97203,las haciendas iii,20.9754,-89.617
97203,nuevo san jose,20.9754,-89.617
97203,platino,20.9754,-89.617
97203,privada chuburna de hidalgo (ii),20.9754,-89.617
97203,nueva san jose chuburna,20.9754,-89.617
97203,francisco de montejo,20.9754,-89.617
97203,san francisco chuburna ii,20.9754,-89.617
97203,almendros,20.9754,-89.617
97203,brisas de chuburna,20.9754,-89.617
97203,el conquistador,20.9754,-89.617
97203,lotificacion chuburna de hidalgo i,20.9754,-89.617
97203,terranova,20.9754,-89.617
97203,villas del prado,20.9754,-89.617
97203,chuburna de hidalgo v,20.9754,-89.617
97203,cordeleros de chuburna,20.9754,-89.617
97203,lotificacion chuburna de hidalgo ii,20.9754,-89.617
97203,privada las palmas,20.9754,-89.617
97203,privada palma corozal,20.9754,-89.617
97203,industrias no contaminantes,20.9754,-89.617
97203,del bosque,20.9754,-89.617
97203,cocoteros,20.9754,-89.617
97203,chuburna de hidalgo iii,20.9754,-89.617
97203,el prado,20.9754,-89.617
97203,vista alegre de chuburna,20.9754,-89.617
97203,villas las palmas,20.9754,-89.617
97203,arekas,20.9754,-89.617
97203,privada chuburna plus,20.9754,-89.617
97203,privada villa palma real,20.9754,-89.617
97203,san pedro uxmal,20.9754,-89.617
97204,xcumpich,21.035,-89.6355
97204,residencial galerias,21.0685,-89.6559
97204,residencial piedrasul,21.0685,-89.6559
97204,via montejo,21.0685,-89.6559
97205,bugambilias,20.984,-89.6395
97205,loma bonita xcumpich,21.0771,-89.5802
97205,san angel,20.984,-89.6395
97205,villa carmencita,21.0771,-89.5802
97205,el cortijo i,21.1122,-89.7478
97205,chuburna de hidalgo,21.0167,-89.6333
97205,boulevares de chuburna,21.0771,-89.5802
97205,tabachines,21.0771,-89.5802
97205,floresta,21.0771,-89.5802
97205,pinzon,21.0771,-89.5802
97205,paseo de montejo,21.0771,-89.5802
97205,las hadas,21.0771,-89.5802
97205,loma bonita,21.0771,-89.5802
97205,privada arboledas,21.0771,-89.5802
97205,privada campestre chuburna,21.0771,-89.5802
97205,privada turquesa,21.0771,-89.5802
97205,residencial hacienda real,21.0771,-89.5802
97205,chuburna inn,21.0771,-89.5802
97205,privada cortijo,21.0771,-89.5802
97205,privada pedregal ii,21.0771,-89.5802
97205,juan b sosa,21.0771,-89.5802
97205,san luis chuburna,21.0771,-89.5802
97205,el campanario,21.0771,-89.5802
97205,privada las flores,21.0771,-89.5802
97205,el cortijo ii,21.0771,-89.5802
97205,privada chuburna de hidalgo i,21.0771,-89.5802
97206,las dalias,20.984,-89.6395
97206,yaxche,21.034,-89.5002
97206,el rosario,20.984,-89.6395
97206,paraiso,20.8703,-89.5947
97206,san francisco i,20.9521,-89.5474
97206,privada san jose,20.9521,-89.5474
97206,san francisco chuburna,20.9521,-89.5474
97206,las dalias ii y iii,20.9521,-89.5474
97206,san jose i,20.9521,-89.5474
97206,villas chuburna iv,20.9521,-89.5474
97206,residencial la noria,20.9521,-89.5474
97206,residencial turquesa,20.9521,-89.5474
97206,privada cipreses,20.9521,-89.5474
97206,merida (elefante grande),20.9521,-89.5474
97206,lotificacion san vicente chuburna,20.9521,-89.5474
97206,san jose ii,20.9521,-89.5474
97206,privada la hacienda,20.9521,-89.5474
97206,san vicente chuburna,20.9521,-89.5474
97206,privada san angel chuburna,20.9521,-89.5474
97207,villas de chuburna,21.0294,-89.5997
97207,callejones de chuburna,21.0294,-89.5997
97208,el cedral,20.984,-89.6395
97208,resid. las quintas (chuburna),21.0167,-89.6333
97208,felipe carrillo puerto,20.984,-89.6395
97208,malaga,21.0167,-89.6333
97208,rinconada de chuburna,21.0167,-89.6333
97208,privada chuburna de hidalgo,21.0167,-89.6333
97208,residencial atlantis,21.0167,-89.6333
97208,60 norte,21.0167,-89.6333
97209,jardines de chuburna,21.0294,-89.5997
97209,privada san jorge (chuburna),21.0294,-89.5997
97210,tanlum,20.8917,-89.65
97210,joaquin ceballos mimenza,20.8917,-89.65
97210,pedregales de tanlum,20.8917,-89.65
97215,aguilas chuburna,20.8917,-89.65
97215,colonial buenavista,20.8917,-89.65
97215,colonial chuburna,20.8917,-89.65
97217,residencial pensiones iii,20.8917,-89.65
97217,residencial pensiones vi,20.8917,-89.65
97217,residencial pensiones i y ii,20.8917,-89.65
97217,residencial pensiones v,20.8917,-89.65
97217,residencial pensiones iii (ii),20.8917,-89.65
97217,fovissste,20.8917,-89.65
97217,francisco el porvenir,20.8917,-89.65
97217,residencial pensiones iv,20.8917,-89.65
97217,pensiones norte,20.8917,-89.65
97217,residencial pensiones iii (1),20.8917,-89.65
97218,roma,20.7667,-89.65
97218,san isidro,20.7667,-89.65
97218,san damin,20.7667,-89.65
97218,lotificacion san damin,20.7667,-89.65
97218,privada san damin,20.7667,-89.65
97218,conjunto los naranjos,20.7667,-89.65
97218,residencial roma,20.7667,-89.65
97219,limones,20.984,-89.6395
97219,chenku,21.0167,-89.65
97219,lindavista,20.984,-89.6395
97219,residencial del bosque chenku,21.0167,-89.65
97219,francisco villa,20.984,-89.6395
97219,quinta versalles,21.0167,-89.65
97219,lzaro crdenas,20.984,-89.6395
97219,privada pensiones,21.0167,-89.65
97219,lotificacion san damiancito ii,21.0167,-89.65
97219,san damiancito,21.0167,-89.65
97219,residencial del norte,21.0167,-89.65
97219,lindavista ii,21.0167,-89.65
97219,jardines de lindavista,21.0167,-89.65
97219,amapola,21.0167,-89.65
97219,jardines de pensiones,21.0167,-89.65
97219,residencial pensiones vii,21.0167,-89.65
97219,lotificacion san damiancito i,21.0167,-89.65
97219,pedregal lindavista,21.0167,-89.65
97219,paseos de pensiones,21.0167,-89.65
97219,paseos de chenku,21.0167,-89.65
97219,hidrulica,21.0167,-89.65
97219,ampliaciun pedregales de lindavista,21.0167,-89.65
97219,ampliaciun lindavista (elefante chico),21.0167,-89.65
97219,pensiones,21.0167,-89.65
97219,unidad habitacional merida issste,21.0167,-89.65
97220,atlante,20.8753,-89.5953
97220,nueva hidalgo,20.8753,-89.5953
97220,atlntida,20.8753,-89.5953
97220,la vaca feliz,20.8753,-89.5953
97220,miguel hidalgo,20.8753,-89.5953
97220,zona dorada,20.8753,-89.5953
97225,privada san pedro,20.8753,-89.5953
97225,paseo de las fuentes,20.8753,-89.5953
97226,el porvenir,20.984,-89.6395
97227,las vigas,20.8753,-89.5953
97227,jacinto canek,20.984,-89.6395
97229,xcom,20.8753,-89.5953
97229,ampliaciun roma (luis echeverria),20.8753,-89.5953
97229,luis echeverria alvarez,20.984,-89.6395
97229,15 de mayo,20.8753,-89.5953
97229,hacienda inn,20.8753,-89.5953
97229,zona dorada ii,20.8753,-89.5953
97229,hacienda san antonio,20.8753,-89.5953
97229,villa zona dorada,20.8753,-89.5953
97230,armando avila gurrutia,20.9328,-89.6283
97230,bojorquez,20.9328,-89.6283
97237,central de abasto,20.9328,-89.6283
97238,residencial casa blanca,20.9328,-89.6283
97238,villas de yacalpeten,20.9328,-89.6283
97238,brisas del poniente (yucalpeten),20.9328,-89.6283
97238,yucalpeten,20.9328,-89.6283
97238,nora quintana,20.9328,-89.6283
97238,jardines de yucalpeten,20.9328,-89.6283
97239,yucalpeten secc florida,20.9328,-89.6283
97240,francisco i madero,20.984,-89.6395
97245,xoclan canto,20.9259,-89.7159
97245,xoclan santos,20.9259,-89.7159
97245,lopez portillo,20.984,-89.6395
97246,juan pablo ii,20.9167,-89.7167
97246,la reja,20.984,-89.6395
97246,mulsay,20.9167,-89.7167
97246,los angeles,20.984,-89.6395
97246,bosques de mulsay,20.9167,-89.7167
97246,bosques del poniente,20.9167,-89.7167
97246,xoclan xbech,20.9167,-89.7167
97246,granja fruticola susula,20.9167,-89.7167
97246,jardines de nueva mulsay,20.9167,-89.7167
97246,mulsay solidaridad,20.9167,-89.7167
97246,xoclan,20.9167,-89.7167
97246,ampliaciun juan pablo ii,20.9167,-89.7167
97246,xoclan carmelitas,20.9167,-89.7167
97246,anexo juan pablo ii,20.9167,-89.7167
97246,xoclan rejas,20.9167,-89.7167
97246,angeles ii,20.9167,-89.7167
97246,juan pablo ii cardenales,20.9167,-89.7167
97246,villas de tixcacal,20.9167,-89.7167
97246,paseos de opichen,20.9167,-89.7167
97246,bosques de yucalpeten,20.9167,-89.7167
97246,hacienda mulsay,20.9167,-89.7167
97246,san jose xoclan,20.9167,-89.7167
97246,juan pablo ii secc. merida 2000,20.9167,-89.7167
97246,mexico poniente,20.9167,-89.7167
97246,mulsay de la magdalena,20.9167,-89.7167
97246,mulsay poligono,20.9167,-89.7167
97247,san cayetano,20.9259,-89.7159
97247,san lorenzo,20.984,-89.6395
97249,tixcacal opichen,20.9443,-89.7144
97249,pedregales de nueva mulsay etapa,20.9305,-89.7155
97249,ampliaciun tixcacal opichen,20.9305,-89.7155
97249,cinturun verde,20.9305,-89.7155
97249,diamante paseos de opichen,20.9305,-89.7155
97249,girasoles de opichen,20.9305,-89.7155
97249,hacienda opichen,20.9305,-89.7155
97249,jardines de nueva mulsay iii,20.9305,-89.7155
97249,n‰öÇcleo mulsay,20.9305,-89.7155
97249,nueva reforma agraria,20.9305,-89.7155
97249,plantel mexico,20.9305,-89.7155
97249,residencial valparaiso,20.9305,-89.7155
97249,tulipanes opichen,20.9305,-89.7155
97249,villa magna ii,20.9305,-89.7155
97249,xoclan susula (el convento),20.9305,-89.7155
97249,nueva mulsay,20.9305,-89.7155
97249,villa magna,20.9305,-89.7155
97249,nueva mulsay i,20.9305,-89.7155
97249,xoclan susula,20.9305,-89.7155
97249,jardines de nueva mulsay ii,20.9305,-89.7155
97250,sambula,20.984,-89.6395
97250,nueva sambula,20.7,-89.8
97255,santa brbara,20.984,-89.6395
97255,el roble,20.7994,-89.6093
97255,roble agricola iii,20.7994,-89.6093
97255,manuel crescencio rejon,20.7994,-89.6093
97255,bicentenario,20.7994,-89.6093
97255,roble ii,20.7994,-89.6093
97256,libertad iii,20.87,-89.5875
97256,renacimiento i,20.87,-89.5875
97256,lol-be,20.984,-89.6395
97256,industrial bridec,20.87,-89.5875
97256,renacimiento ii,20.87,-89.5875
97256,graciano ricalde,20.87,-89.5875
97256,villas merida,20.87,-89.5875
97256,residencial nicte,20.87,-89.5875
97256,alvaro torres,20.87,-89.5875
97256,libertad ii,20.87,-89.5875
97256,pino surez,20.87,-89.5875
97258,salvador alvarado,20.984,-89.6395
97259,itzaez,20.7994,-89.6093
97260,obrera,20.9328,-89.6283
97260,circuito colonias,20.9328,-89.6283
97260,nueva obrera,20.9328,-89.6283
97260,villa moderna,20.9328,-89.6283
97260,villa de la obrera ii,20.9328,-89.6283
97260,villas del mayab,20.9328,-89.6283
97267,manzana 115,20.9328,-89.6283
97268,quinta valencia,20.9328,-89.6283
97268,delio moreno canton,20.9328,-89.6283
97269,santa maria de guadalupe,20.9328,-89.6283
97269,meliton salazar,20.9328,-89.6283
97269,las palmeras ii,20.9328,-89.6283
97270,dolores otero,20.853,-89.5979
97277,mercedes barrera,20.853,-89.5979
97278,castilla camara,20.853,-89.5979
97278,bosques del pedregal,20.853,-89.5979
97279,santa rosa,20.853,-89.5979
97279,quinta santa rosa,20.853,-89.5979
97280,santa rita,20.984,-89.6395
97280,5 colonias,20.8618,-89.6404
97284,lomas del sur,20.8618,-89.6404
97285,las nubes,20.984,-89.6395
97285,plan de ayala sur,20.8995,-89.6203
97285,san jose tzal,20.8242,-89.6605
97285,palmas del sur,20.8618,-89.6404
97285,villa magna del sur,20.8618,-89.6404
97285,san carlos del sur,20.8618,-89.6404
97285,serapio rendun iii,20.8618,-89.6404
97285,bellavista,20.8618,-89.6404
97285,jardines del sur,20.8618,-89.6404
97285,serapio rendun ii,20.8618,-89.6404
97285,alamos del sur,20.8618,-89.6404
97285,serapio rendun,20.8618,-89.6404
97285,villas del sur,20.8618,-89.6404
97285,plan de ayala sur iii,20.8618,-89.6404
97285,san carlos del sur ii,20.8618,-89.6404
97285,villa bonita,20.8618,-89.6404
97285,lotificacion serapio rendun 1,20.8618,-89.6404
97286,las brisas del sur,20.8618,-89.6404
97287,del sur,20.984,-89.6395
97288,ampliaciun ciudad industrial,20.8618,-89.6404
97288,ciudad industrial,20.8618,-89.6404
97289,la hacienda,20.8618,-89.6404
97289,san nicols del sur,20.8618,-89.6404
97290,la guadalupana,20.984,-89.6395
97290,san antonio xluch,20.8985,-89.6509
97290,nueva san jose tecoh,20.8985,-89.6509
97290,san antonio xluch ii,20.8985,-89.6509
97290,san luis sur,20.8985,-89.6509
97295,san marcos,20.984,-89.6395
97295,santa cruz,20.8807,-89.6533
97295,el roble agricola,20.8807,-89.6533
97295,merida (lic. manuel crescencio rejon),20.8807,-89.6533
97296,san marcos nocoh,20.8896,-89.6521
97296,san marcos nocoh ii,20.8896,-89.6521
97297,emiliano zapata sur iii,20.8896,-89.6521
97297,emiliano zapata sur ii,20.8896,-89.6521
97297,villas quetzal,20.8896,-89.6521
97297,emiliano zapata sur,20.8896,-89.6521
97297,metropolitana,20.8896,-89.6521
97297,san luis sur,20.8896,-89.6521
97297,san antonio xluch iii,20.8896,-89.6521
97298,privada zuzil - ha,20.8896,-89.6521
97298,zacilha,20.8896,-89.6521
97298,brisas de san jose,20.8896,-89.6521
97298,zazil - ha ii,20.8896,-89.6521
97298,san jose tecoh sur,20.8896,-89.6521
97299,san jose tecoh,20.8896,-89.6521
97299,san antonio tecoh,20.8896,-89.6521
97300,ejido de chuburna,21.0778,-89.6205
97302,temozon norte,21.0647,-89.596
97302,chablekal,21.0965,-89.5777
97302,sac-nicte,21.1412,-89.5843
97302,komchen,21.1034,-89.6624
97302,dzity,21.0519,-89.6785
97302,sierra papacal,21.1252,-89.7302
97302,royal del parque,21.1015,-89.6437
97302,xcanat‰öÇn,21.0766,-89.6303
97302,las fincas,21.1015,-89.6437
97302,dzidzilche,21.1523,-89.6903
97302,san antonio residencial,21.1015,-89.6437
97302,xotik,21.1015,-89.6437
97302,los tamarindos,21.1015,-89.6437
97302,n‰öÇcleo sodzil,21.1015,-89.6437
97302,palmequen,21.1015,-89.6437
97302,residencial xcanat‰öÇn,21.1015,-89.6437
97302,piedra antigua,21.1015,-89.6437
97302,real montejo,21.1015,-89.6437
97302,residencial del mayab,21.1015,-89.6437
97302,las americas,21.1015,-89.6437
97302,club de golf la ceiba,21.1015,-89.6437
97302,las americas ii,21.1015,-89.6437
97303,cheumn,21.067,-89.7071
97303,cosgaya,21.0987,-89.7061
97303,noc ac,21.0794,-89.7177
97303,kikteil,21.1298,-89.6941
97304,tamanche,21.1392,-89.6413
97304,xcuny,21.1326,-89.614
97305,dzibilchalt‰öÇn,21.0982,-89.5985
97305,villas cholul,21.011,-89.5709
97305,santa gertrudis copo,21.0332,-89.5919
97305,cholul,21.0426,-89.5587
97305,granjas cholul,21.011,-89.5709
97305,jalapa,20.984,-89.6395
97305,sian kaan,21.011,-89.5709
97305,san luis cholul,21.011,-89.5709
97305,residencial campestre viladiu,21.011,-89.5709
97305,residencial anturio,21.011,-89.5709
97305,parque central,21.011,-89.5709
97305,paraiso las margaritas,21.011,-89.5709
97305,las margaritas de cholul,21.011,-89.5709
97305,gran san pedro cholul,21.011,-89.5709
97305,cocoyoles,21.011,-89.5709
97305,bogdan,21.011,-89.5709
97305,altavista,21.011,-89.5709
97305,algarrobos desarrollo residencial,21.011,-89.5709
97306,santa maria chi,21.0322,-89.4815
97306,sitpach,21.0265,-89.5212
97306,chichi diaz,21.0293,-89.5014
97306,los heroes,21.0293,-89.5014
97306,villas de oriente,21.0293,-89.5014
97306,chichi surez,21.0293,-89.5014
97307,la rejoyada,20.984,-89.6395
97308,yucatn country club,21.1172,-89.635
97308,santa maria yaxche,21.1172,-89.635
97309,yaxche casares,21.034,-89.5002
97309,cordemex,21.034,-89.5002
97310,oncn,20.9635,-89.4839
97312,chalmuch,20.9737,-89.7292
97312,tixcacal,20.9167,-89.6
97312,los faisanes de tixcacal,20.9452,-89.6646
97314,caucel,21.0154,-89.7035
97314,la ceiba,21.0914,-89.6294
97314,susul,20.9727,-89.6967
97314,las torres,20.984,-89.6395
97314,boulevares,21.0265,-89.6765
97314,la herradura,20.984,-89.6395
97314,ciricotes de caucel,21.0265,-89.6765
97314,los almendros,20.984,-89.6395
97314,sol caucel,21.0265,-89.6765
97314,caucel ii,21.0265,-89.6765
97314,horizontes de caucel,21.0265,-89.6765
97314,las torres iii,21.0265,-89.6765
97314,hacienda caucel,21.0265,-89.6765
97314,los balcones,21.0265,-89.6765
97314,centenario cmara de comercio caucel,21.0265,-89.6765
97314,los cocos de caucel,21.0265,-89.6765
97314,cerradas de la herradura,21.0265,-89.6765
97314,paseos de opichen la joya,21.0265,-89.6765
97314,la perla ciudad caucel,21.0265,-89.6765
97314,pedregales de ciudad caucel,21.0265,-89.6765
97314,la herradura iv,21.0265,-89.6765
97314,sol caucel iii,21.0265,-89.6765
97314,la herradura iii,21.0265,-89.6765
97314,terranova caucel,21.0265,-89.6765
97314,la herradura ii,21.0265,-89.6765
97314,rinconada de caucel,21.0265,-89.6765
97314,gran santa fe,21.0265,-89.6765
97314,ciudad caucel,21.0265,-89.6765
97314,balcones ii,21.0265,-89.6765
97314,jardines de caucel,21.0265,-89.6765
97314,hogares caucel,21.0265,-89.6765
97314,arboleda,21.0265,-89.6765
97314,jardines del caucel ii,21.0265,-89.6765
97314,jardines de poniente,21.0265,-89.6765
97314,las torres i,21.0265,-89.6765
97314,las torres ii,21.0265,-89.6765
97314,villa jardin,21.0265,-89.6765
97314,villas de caucel,21.0265,-89.6765
97314,viva caucel,21.0265,-89.6765
97314,sasula,21.0265,-89.6765
97315,san pedro chimay,20.8646,-89.5796
97315,molas,20.8167,-89.63
97315,san antonio tzacal,20.7517,-89.6545
97315,texn cmara,20.7898,-89.6663
97315,dzununcn,20.8647,-89.6538
97315,petac,20.7696,-89.6586
97315,xmatkuil,20.8603,-89.6255
97315,dzununcan,20.8647,-89.6538
97315,hunxectamn,20.8835,-89.5581
97315,tahdzibichen,20.8859,-89.5977
97315,santa cruz palomeque,20.8807,-89.6533
97315,nuevo san jose tecoh iii,20.838,-89.6326
97315,nuevo san jose tecoh,20.838,-89.6326
97316,dzoyaxche,20.7876,-89.5902
97316,yaxnic,20.7897,-89.6195
97316,san ignacio tesip,20.8413,-89.612